Date,Aerobic Culture Orders,Anaerobic Culture Orders,Fungal Culture Orders,CL Culture Orders,Mycobacterium Culture Orders,Mycoplasma Culture Orders
1/1/2019,546,561,534,579,564,576
1/2/2019,519,516,521,595,558,556
1/3/2019,508,545,583,543,553,521
1/4/2019,575,550,579,524,570,549
1/5/2019,536,588,574,590,554,581
1/6/2019,523,529,529,506,560,504
1/7/2019,598,599,534,559,570,518
1/8/2019,530,576,555,582,529,564
1/9/2019,548,511,523,529,584,596
1/10/2019,575,596,531,558,541,593
1/11/2019,557,553,556,589,586,581
1/12/2019,573,557,502,560,544,530
1/13/2019,555,516,512,567,515,513
1/14/2019,543,503,565,509,592,574
1/15/2019,549,590,556,506,505,576
1/16/2019,527,513,568,549,562,510
1/17/2019,561,582,517,554,546,534
1/18/2019,582,574,554,565,578,526
1/19/2019,598,523,551,510,541,518
1/20/2019,593,523,564,569,510,600
1/21/2019,505,549,528,585,595,599
1/22/2019,582,524,529,571,505,561
1/23/2019,538,515,537,581,538,526
1/24/2019,534,505,584,549,550,507
1/25/2019,584,557,514,594,543,579
1/26/2019,554,571,592,593,584,553
1/27/2019,551,587,581,591,551,566
1/28/2019,513,570,502,584,589,537
1/29/2019,542,522,557,517,599,573
1/30/2019,544,537,568,560,562,534
1/31/2019,567,589,545,595,520,572
2/1/2019,624,688,639,600,606,635
2/2/2019,633,673,622,657,679,677
2/3/2019,661,601,618,625,666,657
2/4/2019,688,613,627,613,630,635
2/5/2019,623,635,688,670,685,657
2/6/2019,657,678,667,622,661,690
2/7/2019,659,690,662,663,652,678
2/8/2019,665,695,605,697,680,663
2/9/2019,668,641,678,617,667,604
2/10/2019,668,638,681,612,620,663
2/11/2019,691,628,611,648,700,662
2/12/2019,669,666,620,610,657,622
2/13/2019,606,683,610,652,685,624
2/14/2019,698,679,609,623,671,683
2/15/2019,632,699,690,697,681,630
2/16/2019,748,665,671,659,653,722
2/17/2019,737,738,665,650,660,713
2/18/2019,678,732,713,731,701,713
2/19/2019,714,650,711,710,747,681
2/20/2019,739,705,741,667,725,665
2/21/2019,664,664,659,680,709,686
2/22/2019,676,735,676,677,698,669
2/23/2019,686,681,750,710,650,712
2/24/2019,725,708,672,721,651,674
2/25/2019,717,718,684,687,659,664
2/26/2019,658,674,658,732,684,696
2/27/2019,728,659,695,732,673,664
2/28/2019,663,742,738,728,677,666
3/1/2019,697,658,730,717,725,651
3/2/2019,727,698,651,714,656,682
3/3/2019,725,689,675,713,712,661
3/4/2019,689,667,683,675,719,668
3/5/2019,742,719,662,714,658,698
3/6/2019,692,667,687,707,657,721
3/7/2019,693,737,687,723,663,703
3/8/2019,748,746,719,698,723,711
3/9/2019,743,730,676,737,664,660
3/10/2019,685,681,712,717,710,697
3/11/2019,668,695,650,688,652,734
3/12/2019,698,746,691,736,669,715
3/13/2019,679,740,707,718,708,724
3/14/2019,743,729,689,688,722,674
3/15/2019,740,653,683,675,663,742
3/16/2019,733,736,699,705,718,727
3/17/2019,701,724,679,739,681,747
3/18/2019,721,661,685,696,746,700
3/19/2019,702,729,682,662,665,670
3/20/2019,659,743,745,740,714,721
3/21/2019,712,700,701,719,715,750
3/22/2019,727,709,734,743,731,715
3/23/2019,715,746,716,716,748,746
3/24/2019,709,706,716,750,728,740
3/25/2019,711,706,730,738,702,725
3/26/2019,700,723,719,706,718,707
3/27/2019,731,718,722,715,702,728
3/28/2019,743,726,727,726,706,735
3/29/2019,742,742,720,737,746,738
3/30/2019,728,712,736,745,712,702
3/31/2019,711,718,748,725,709,744
4/1/2019,739,741,714,715,726,726
4/2/2019,702,724,745,718,700,710
4/3/2019,716,737,714,704,733,710
4/4/2019,722,742,737,721,719,710
4/5/2019,745,703,703,719,725,720
4/6/2019,728,723,705,741,723,733
4/7/2019,729,719,714,724,722,714
4/8/2019,714,703,734,713,749,735
4/9/2019,702,732,710,738,745,748
4/10/2019,715,740,730,712,710,735
4/11/2019,710,735,729,738,750,743
4/12/2019,714,741,707,750,742,738
4/13/2019,720,727,750,711,746,744
4/14/2019,736,736,721,702,729,710
4/15/2019,710,738,702,705,747,738
4/16/2019,709,749,706,705,708,727
4/17/2019,747,704,704,749,701,745
4/18/2019,700,724,726,736,711,705
4/19/2019,734,734,730,719,748,744
4/20/2019,731,734,728,719,722,748
4/21/2019,707,717,711,730,735,738
4/22/2019,739,741,720,745,721,720
4/23/2019,711,749,729,712,750,717
4/24/2019,749,709,723,746,719,708
4/25/2019,722,744,750,742,723,718
4/26/2019,727,731,718,717,746,716
4/27/2019,732,711,746,735,709,744
4/28/2019,716,713,708,736,707,700
4/29/2019,704,700,701,718,748,718
4/30/2019,700,706,734,746,732,740
5/1/2019,728,720,722,720,726,729
5/2/2019,730,722,729,722,720,721
5/3/2019,730,725,723,728,730,721
5/4/2019,730,730,721,730,722,728
5/5/2019,730,722,730,726,726,720
5/6/2019,725,730,720,730,728,722
5/7/2019,725,723,725,727,728,729
5/8/2019,727,725,730,727,722,730
5/9/2019,730,724,721,724,721,727
5/10/2019,726,722,729,730,730,727
5/11/2019,728,726,728,728,720,725
5/12/2019,729,720,727,720,729,722
5/13/2019,726,722,723,724,729,721
5/14/2019,722,723,729,726,728,730
5/15/2019,721,725,720,728,727,725
5/16/2019,730,726,726,728,725,730
5/17/2019,724,726,728,723,722,723
5/18/2019,725,730,724,729,728,720
5/19/2019,720,730,726,721,722,724
5/20/2019,728,722,728,728,722,722
5/21/2019,727,728,720,720,724,721
5/22/2019,725,727,722,727,728,721
5/23/2019,727,727,722,729,724,721
5/24/2019,721,728,729,727,726,726
5/25/2019,729,728,727,721,722,722
5/26/2019,724,721,726,724,729,721
5/27/2019,723,724,721,723,723,722
5/28/2019,723,727,723,723,723,728
5/29/2019,724,727,722,730,727,724
5/30/2019,721,727,727,722,725,727
5/31/2019,726,720,725,727,725,730
6/1/2019,731,749,736,771,732,783
6/2/2019,744,755,742,777,747,762
6/3/2019,749,785,770,742,747,766
6/4/2019,747,783,753,769,771,740
6/5/2019,767,773,737,766,735,766
6/6/2019,770,780,777,762,761,754
6/7/2019,770,772,785,773,739,732
6/8/2019,789,738,772,744,761,751
6/9/2019,733,770,737,733,788,773
6/10/2019,766,787,761,744,779,759
6/11/2019,744,745,783,774,749,789
6/12/2019,757,778,766,732,771,789
6/13/2019,734,743,780,738,771,759
6/14/2019,785,750,762,741,762,741
6/15/2019,737,772,746,786,774,784
6/16/2019,770,766,776,790,741,748
6/17/2019,767,745,740,731,756,788
6/18/2019,753,741,758,751,763,748
6/19/2019,765,778,766,745,779,761
6/20/2019,769,740,779,780,762,782
6/21/2019,750,755,759,789,746,733
6/22/2019,768,769,760,789,766,744
6/23/2019,744,787,767,730,751,789
6/24/2019,746,747,768,768,743,754
6/25/2019,774,789,788,735,740,747
6/26/2019,747,735,779,742,734,763
6/27/2019,763,781,767,736,777,749
6/28/2019,737,756,748,735,762,756
6/29/2019,776,745,746,745,765,741
6/30/2019,747,732,742,784,771,746
7/1/2019,782,758,765,770,800,785
7/2/2019,763,758,793,780,768,787
7/3/2019,759,781,765,800,780,779
7/4/2019,751,780,783,783,792,776
7/5/2019,781,766,767,791,795,783
7/6/2019,782,787,771,779,795,750
7/7/2019,800,752,787,782,759,795
7/8/2019,762,755,767,757,795,787
7/9/2019,792,752,750,798,764,767
7/10/2019,752,775,754,798,766,773
7/11/2019,769,767,779,788,790,799
7/12/2019,750,783,784,798,781,793
7/13/2019,755,780,800,777,794,782
7/14/2019,754,799,797,778,788,792
7/15/2019,753,793,764,798,776,793
7/16/2019,766,756,791,753,754,769
7/17/2019,788,761,800,774,758,762
7/18/2019,775,753,777,766,756,779
7/19/2019,753,754,777,760,789,752
7/20/2019,778,799,767,752,759,769
7/21/2019,788,770,759,792,753,778
7/22/2019,778,756,756,771,800,774
7/23/2019,797,794,770,797,768,777
7/24/2019,795,768,763,755,788,750
7/25/2019,799,754,752,756,780,788
7/26/2019,757,786,781,751,796,771
7/27/2019,767,772,780,765,753,752
7/28/2019,794,754,767,762,764,782
7/29/2019,792,782,797,772,785,763
7/30/2019,796,777,766,791,768,751
7/31/2019,794,789,785,777,791,758
8/1/2019,843,814,805,833,811,842
8/2/2019,849,820,819,838,817,810
8/3/2019,818,820,847,810,845,815
8/4/2019,838,830,801,815,844,820
8/5/2019,820,823,817,825,834,803
8/6/2019,812,817,840,821,807,838
8/7/2019,845,819,824,840,822,825
8/8/2019,801,842,843,803,820,806
8/9/2019,815,808,828,811,811,825
8/10/2019,821,809,802,802,836,813
8/11/2019,812,838,819,845,817,805
8/12/2019,813,847,801,825,823,811
8/13/2019,847,809,847,813,820,835
8/14/2019,830,815,826,816,843,816
8/15/2019,820,826,801,813,824,817
8/16/2019,801,819,801,837,821,818
8/17/2019,828,847,806,823,813,817
8/18/2019,846,846,812,811,803,835
8/19/2019,838,832,806,836,850,824
8/20/2019,839,804,847,811,839,821
8/21/2019,846,811,829,806,802,840
8/22/2019,812,806,801,808,835,815
8/23/2019,829,818,838,848,838,811
8/24/2019,829,823,843,849,829,838
8/25/2019,839,846,843,801,802,830
8/26/2019,828,806,825,823,835,808
8/27/2019,815,833,834,803,824,825
8/28/2019,847,836,807,813,844,811
8/29/2019,825,832,843,809,801,837
8/30/2019,838,820,814,809,819,845
8/31/2019,839,817,805,817,806,835
9/1/2019,904,931,930,902,926,914
9/2/2019,938,921,905,940,921,948
9/3/2019,938,925,902,912,912,936
9/4/2019,936,933,927,934,924,913
9/5/2019,922,909,919,928,906,946
9/6/2019,908,911,917,920,928,950
9/7/2019,928,943,912,919,903,925
9/8/2019,947,924,920,915,923,922
9/9/2019,910,913,921,926,933,934
9/10/2019,915,912,908,916,915,901
9/11/2019,914,930,938,913,920,931
9/12/2019,907,942,936,948,912,928
9/13/2019,904,900,916,900,933,942
9/14/2019,930,926,918,950,929,949
9/15/2019,913,912,919,949,925,945
9/16/2019,916,917,929,932,933,919
9/17/2019,912,907,940,946,909,917
9/18/2019,937,901,921,934,901,922
9/19/2019,936,935,906,941,907,933
9/20/2019,931,939,930,903,925,945
9/21/2019,904,920,914,919,922,902
9/22/2019,932,949,930,931,943,910
9/23/2019,922,901,932,907,908,935
9/24/2019,905,933,934,949,947,946
9/25/2019,905,941,933,915,931,903
9/26/2019,903,936,908,927,950,948
9/27/2019,943,931,926,933,914,922
9/28/2019,915,902,913,929,918,907
9/29/2019,929,930,908,925,914,949
9/30/2019,942,916,910,924,925,933
10/1/2019,989,984,992,958,983,981
10/2/2019,997,996,978,955,991,958
10/3/2019,995,953,963,987,969,994
10/4/2019,958,991,999,992,971,956
10/5/2019,978,974,961,977,990,953
10/6/2019,996,995,979,952,954,976
10/7/2019,995,989,971,956,994,989
10/8/2019,952,1000,964,993,972,958
10/9/2019,975,952,990,969,951,958
10/10/2019,967,998,983,959,994,954
10/11/2019,995,964,969,988,990,954
10/12/2019,969,970,952,982,960,977
10/13/2019,990,953,976,965,965,964
10/14/2019,957,960,963,962,977,998
10/15/2019,969,998,976,956,958,978
10/16/2019,991,954,988,972,957,952
10/17/2019,976,991,972,974,981,975
10/18/2019,970,981,983,988,960,968
10/19/2019,959,962,983,972,970,974
10/20/2019,964,992,999,967,991,980
10/21/2019,991,986,987,982,953,990
10/22/2019,999,964,966,992,958,984
10/23/2019,981,956,961,976,978,967
10/24/2019,979,958,962,951,1000,1000
10/25/2019,995,990,995,964,959,980
10/26/2019,966,970,991,970,956,958
10/27/2019,996,975,963,962,984,959
10/28/2019,955,990,961,963,995,972
10/29/2019,987,958,985,964,969,987
10/30/2019,978,997,969,956,984,983
10/31/2019,970,962,986,958,996,970
11/1/2019,1078,1005,1092,1079,1022,1057
11/2/2019,1081,1066,1085,1060,1019,1100
11/3/2019,1075,1092,1063,1019,1030,1087
11/4/2019,1085,1011,1017,1054,1043,1009
11/5/2019,1022,1100,1063,1003,1028,1046
11/6/2019,1084,1007,1050,1097,1071,1056
11/7/2019,1028,1039,1004,1068,1098,1003
11/8/2019,1065,1079,1060,1002,1068,1067
11/9/2019,1044,1008,1025,1035,1078,1049
11/10/2019,1000,1002,1010,1019,1008,1031
11/11/2019,1075,1083,1086,1081,1055,1002
11/12/2019,1023,1090,1092,1063,1029,1077
11/13/2019,1100,1012,1027,1096,1046,1047
11/14/2019,1075,1042,1045,1002,1048,1010
11/15/2019,1027,1000,1097,1083,1085,1094
11/16/2019,1100,1087,1010,1055,1008,1070
11/17/2019,1043,1092,1053,1038,1015,1029
11/18/2019,1021,1093,1010,1062,1098,1011
11/19/2019,1024,1013,1084,1074,1013,1003
11/20/2019,1094,1012,1047,1099,1072,1092
11/21/2019,1042,1069,1082,1091,1068,1020
11/22/2019,1070,1034,1099,1067,1022,1034
11/23/2019,1054,1070,1010,1074,1043,1088
11/24/2019,1082,1078,1045,1099,1023,1088
11/25/2019,1051,1081,1084,1010,1033,1049
11/26/2019,1043,1055,1082,1040,1064,1053
11/27/2019,1052,1079,1034,1039,1015,1089
11/28/2019,1006,1002,1060,1021,1006,1073
11/29/2019,1023,1062,1043,1005,1081,1073
11/30/2019,1020,1073,1034,1046,1038,1048
12/1/2019,1119,1120,1107,1121,1116,1133
12/2/2019,1191,1177,1154,1169,1132,1120
12/3/2019,1167,1173,1200,1134,1112,1136
12/4/2019,1181,1141,1132,1170,1153,1162
12/5/2019,1151,1183,1126,1116,1171,1152
12/6/2019,1190,1139,1147,1192,1137,1143
12/7/2019,1166,1180,1170,1197,1198,1174
12/8/2019,1143,1195,1131,1119,1112,1118
12/9/2019,1110,1190,1200,1111,1106,1118
12/10/2019,1177,1157,1154,1151,1168,1136
12/11/2019,1135,1185,1160,1116,1139,1186
12/12/2019,1197,1160,1163,1102,1118,1140
12/13/2019,1103,1189,1130,1163,1174,1114
12/14/2019,1179,1190,1159,1127,1190,1172
12/15/2019,1140,1111,1104,1149,1188,1168
12/16/2019,1118,1175,1132,1162,1189,1101
12/17/2019,1156,1171,1145,1117,1168,1180
12/18/2019,1133,1121,1157,1158,1147,1199
12/19/2019,1189,1106,1126,1198,1151,1169
12/20/2019,1175,1169,1147,1102,1177,1186
12/21/2019,1164,1169,1178,1172,1147,1158
12/22/2019,1154,1183,1151,1184,1130,1145
12/23/2019,1184,1147,1191,1152,1157,1149
12/24/2019,1185,1176,1118,1102,1144,1155
12/25/2019,1120,1149,1119,1155,1139,1162
12/26/2019,1153,1175,1151,1133,1147,1101
12/27/2019,1154,1149,1127,1124,1195,1115
12/28/2019,1177,1194,1185,1135,1164,1187
12/29/2019,1187,1176,1119,1112,1111,1169
12/30/2019,1197,1151,1114,1161,1197,1149
12/31/2019,1112,1119,1161,1115,1146,1155
1/1/2020,1276,1299,1213,1294,1283,1291
1/2/2020,1234,1225,1261,1283,1291,1298
1/3/2020,1210,1222,1300,1288,1254,1230
1/4/2020,1275,1274,1278,1298,1227,1225
1/5/2020,1267,1202,1206,1241,1215,1250
1/6/2020,1210,1236,1232,1217,1230,1284
1/7/2020,1292,1206,1216,1280,1236,1270
1/8/2020,1282,1218,1250,1234,1299,1228
1/9/2020,1254,1229,1268,1221,1277,1214
1/10/2020,1239,1280,1269,1224,1254,1238
1/11/2020,1287,1283,1294,1228,1268,1245
1/12/2020,1240,1219,1263,1237,1246,1300
1/13/2020,1240,1219,1253,1270,1225,1279
1/14/2020,1276,1269,1219,1233,1267,1269
1/15/2020,1265,1283,1201,1223,1254,1264
1/16/2020,1295,1287,1257,1280,1245,1236
1/17/2020,1284,1255,1296,1298,1287,1285
1/18/2020,1208,1282,1206,1202,1204,1262
1/19/2020,1278,1246,1200,1220,1300,1219
1/20/2020,1279,1292,1233,1299,1299,1230
1/21/2020,1213,1245,1218,1286,1231,1245
1/22/2020,1297,1240,1246,1253,1269,1204
1/23/2020,1259,1246,1297,1237,1264,1249
1/24/2020,1271,1273,1281,1280,1261,1271
1/25/2020,1235,1259,1278,1292,1215,1286
1/26/2020,1202,1228,1299,1273,1268,1277
1/27/2020,1216,1206,1246,1280,1253,1270
1/28/2020,1243,1227,1280,1240,1277,1200
1/29/2020,1231,1246,1221,1262,1297,1222
1/30/2020,1232,1273,1217,1231,1283,1298
1/31/2020,1244,1291,1283,1275,1236,1285
2/1/2020,1256,1249,1291,1276,1281,1274
2/2/2020,1273,1213,1275,1211,1233,1256
2/3/2020,1274,1252,1236,1232,1255,1200
2/4/2020,1216,1273,1205,1257,1286,1287
2/5/2020,1285,1203,1223,1263,1233,1291
2/6/2020,1233,1292,1283,1241,1265,1226
2/7/2020,1228,1276,1205,1209,1204,1253
2/8/2020,1298,1204,1264,1204,1230,1224
2/9/2020,1293,1209,1295,1250,1272,1262
2/10/2020,1235,1252,1231,1200,1212,1271
2/11/2020,1234,1287,1242,1260,1222,1225
2/12/2020,1214,1240,1211,1297,1269,1280
2/13/2020,1274,1300,1275,1200,1223,1271
2/14/2020,1210,1283,1260,1287,1277,1237
2/15/2020,1283,1205,1291,1298,1262,1220
2/16/2020,1231,1288,1287,1245,1235,1224
2/17/2020,1289,1225,1292,1247,1217,1201
2/18/2020,1218,1271,1279,1205,1260,1250
2/19/2020,1219,1295,1276,1265,1300,1239
2/20/2020,1207,1249,1252,1267,1275,1218
2/21/2020,1281,1297,1246,1210,1252,1240
2/22/2020,1231,1264,1256,1295,1296,1293
2/23/2020,1273,1291,1292,1272,1212,1219
2/24/2020,1206,1254,1300,1255,1266,1236
2/25/2020,1235,1213,1218,1265,1251,1210
2/26/2020,1271,1295,1272,1289,1233,1275
2/27/2020,1238,1212,1240,1285,1214,1227
2/28/2020,1261,1289,1300,1279,1230,1272
2/29/2020,1298,1283,1207,1282,1222,1214
3/1/2020,1237,1267,1201,1218,1279,1214
3/2/2020,1275,1288,1252,1290,1257,1201
3/3/2020,1255,1227,1255,1225,1246,1259
3/4/2020,1225,1224,1247,1275,1290,1239
3/5/2020,1240,1279,1275,1243,1297,1204
3/6/2020,1225,1231,1269,1221,1205,1250
3/7/2020,1276,1250,1285,1284,1209,1208
3/8/2020,1280,1259,1281,1293,1249,1218
3/9/2020,1260,1242,1210,1227,1212,1244
3/10/2020,1258,1201,1240,1210,1218,1239
3/11/2020,1215,1213,1251,1267,1252,1213
3/12/2020,1252,1229,1293,1265,1211,1242
3/13/2020,1246,1202,1237,1257,1289,1224
3/14/2020,1297,1250,1278,1275,1265,1200
3/15/2020,1268,1258,1205,1208,1277,1243
3/16/2020,1230,1256,1278,1240,1266,1213
3/17/2020,1278,1276,1236,1234,1200,1287
3/18/2020,1224,1208,1224,1224,1240,1229
3/19/2020,1249,1222,1203,1216,1257,1282
3/20/2020,1239,1250,1265,1272,1250,1225
3/21/2020,1292,1300,1273,1231,1227,1270
3/22/2020,1232,1215,1279,1219,1290,1224
3/23/2020,1284,1285,1285,1230,1224,1221
3/24/2020,1214,1212,1229,1227,1210,1218
3/25/2020,1221,1240,1230,1287,1298,1258
3/26/2020,1215,1280,1292,1299,1231,1215
3/27/2020,1255,1259,1275,1211,1283,1212
3/28/2020,1236,1242,1281,1202,1270,1295
3/29/2020,1285,1264,1250,1248,1268,1246
3/30/2020,1240,1250,1240,1254,1245,1272
3/31/2020,1234,1214,1215,1243,1244,1211
4/1/2020,1355,1345,1383,1312,1341,1300
4/2/2020,1396,1332,1364,1329,1369,1396
4/3/2020,1356,1394,1346,1313,1387,1302
4/4/2020,1376,1358,1310,1398,1342,1316
4/5/2020,1331,1380,1359,1396,1398,1338
4/6/2020,1305,1309,1396,1300,1367,1346
4/7/2020,1335,1346,1350,1390,1393,1385
4/8/2020,1337,1389,1316,1364,1368,1308
4/9/2020,1349,1321,1331,1355,1334,1385
4/10/2020,1350,1302,1398,1347,1300,1346
4/11/2020,1308,1394,1302,1340,1320,1329
4/12/2020,1378,1381,1321,1377,1381,1351
4/13/2020,1301,1400,1325,1319,1323,1351
4/14/2020,1364,1360,1352,1382,1385,1319
4/15/2020,1349,1318,1307,1310,1380,1398
4/16/2020,1310,1378,1379,1330,1301,1397
4/17/2020,1392,1324,1372,1305,1393,1309
4/18/2020,1310,1393,1313,1335,1383,1345
4/19/2020,1342,1370,1358,1316,1304,1348
4/20/2020,1374,1326,1300,1325,1359,1319
4/21/2020,1300,1357,1398,1368,1337,1379
4/22/2020,1355,1386,1309,1380,1370,1399
4/23/2020,1317,1334,1379,1360,1340,1354
4/24/2020,1392,1397,1326,1337,1358,1303
4/25/2020,1395,1382,1333,1364,1384,1371
4/26/2020,1304,1344,1378,1320,1312,1339
4/27/2020,1336,1332,1392,1380,1310,1337
4/28/2020,1331,1379,1302,1358,1353,1332
4/29/2020,1321,1374,1361,1321,1318,1363
4/30/2020,1378,1339,1349,1400,1301,1324
5/1/2020,1487,1447,1498,1447,1462,1440
5/2/2020,1455,1495,1451,1474,1475,1467
5/3/2020,1430,1443,1413,1457,1469,1450
5/4/2020,1417,1462,1479,1426,1453,1429
5/5/2020,1428,1466,1499,1401,1419,1431
5/6/2020,1492,1442,1459,1424,1406,1488
5/7/2020,1430,1453,1409,1461,1417,1496
5/8/2020,1495,1404,1404,1422,1465,1475
5/9/2020,1460,1425,1418,1483,1438,1415
5/10/2020,1488,1443,1468,1480,1433,1431
5/11/2020,1426,1448,1418,1446,1443,1444
5/12/2020,1423,1438,1445,1477,1424,1477
5/13/2020,1435,1450,1462,1467,1455,1496
5/14/2020,1407,1405,1474,1442,1445,1413
5/15/2020,1498,1424,1469,1410,1462,1467
5/16/2020,1459,1482,1423,1495,1431,1413
5/17/2020,1425,1457,1477,1464,1454,1429
5/18/2020,1442,1487,1448,1457,1483,1461
5/19/2020,1429,1408,1448,1460,1423,1487
5/20/2020,1472,1432,1435,1426,1494,1408
5/21/2020,1443,1444,1473,1422,1487,1420
5/22/2020,1481,1401,1467,1438,1473,1486
5/23/2020,1491,1431,1480,1441,1416,1469
5/24/2020,1495,1469,1402,1482,1403,1434
5/25/2020,1447,1446,1481,1498,1442,1478
5/26/2020,1484,1465,1456,1418,1446,1497
5/27/2020,1479,1470,1421,1466,1415,1475
5/28/2020,1463,1436,1446,1412,1403,1484
5/29/2020,1471,1414,1450,1446,1472,1459
5/30/2020,1499,1432,1492,1451,1449,1500
5/31/2020,1409,1443,1413,1481,1446,1437
6/1/2020,1523,1582,1582,1525,1527,1540
6/2/2020,1526,1514,1590,1586,1555,1562
6/3/2020,1576,1511,1596,1519,1527,1516
6/4/2020,1597,1580,1585,1584,1577,1561
6/5/2020,1580,1563,1521,1535,1538,1584
6/6/2020,1526,1515,1508,1509,1600,1597
6/7/2020,1529,1600,1571,1569,1588,1536
6/8/2020,1529,1597,1594,1544,1561,1595
6/9/2020,1504,1589,1567,1549,1500,1524
6/10/2020,1589,1513,1507,1504,1523,1560
6/11/2020,1591,1508,1570,1588,1522,1552
6/12/2020,1511,1518,1527,1570,1566,1565
6/13/2020,1519,1513,1569,1548,1546,1583
6/14/2020,1570,1548,1550,1583,1521,1542
6/15/2020,1590,1534,1559,1559,1584,1530
6/16/2020,1535,1515,1577,1582,1560,1584
6/17/2020,1551,1545,1579,1562,1559,1528
6/18/2020,1583,1589,1600,1535,1518,1506
6/19/2020,1512,1560,1555,1524,1508,1531
6/20/2020,1576,1586,1505,1565,1547,1585
6/21/2020,1557,1597,1594,1540,1548,1538
6/22/2020,1549,1559,1574,1508,1589,1539
6/23/2020,1547,1543,1544,1570,1569,1552
6/24/2020,1580,1543,1597,1500,1596,1590
6/25/2020,1557,1588,1518,1517,1522,1501
6/26/2020,1537,1600,1509,1590,1506,1517
6/27/2020,1533,1586,1592,1556,1545,1587
6/28/2020,1511,1530,1568,1545,1539,1597
6/29/2020,1583,1550,1521,1513,1556,1573
6/30/2020,1518,1507,1599,1578,1513,1551
7/1/2020,1689,1655,1687,1623,1628,1644
7/2/2020,1608,1638,1642,1624,1654,1627
7/3/2020,1621,1654,1626,1608,1603,1633
7/4/2020,1630,1684,1690,1663,1673,1673
7/5/2020,1648,1605,1674,1674,1639,1609
7/6/2020,1651,1637,1627,1631,1658,1643
7/7/2020,1615,1636,1692,1659,1681,1700
7/8/2020,1632,1653,1613,1610,1699,1603
7/9/2020,1635,1638,1650,1630,1661,1685
7/10/2020,1607,1679,1624,1682,1686,1677
7/11/2020,1687,1607,1661,1700,1690,1600
7/12/2020,1600,1643,1697,1683,1612,1633
7/13/2020,1664,1638,1654,1661,1637,1696
7/14/2020,1649,1613,1676,1659,1631,1673
7/15/2020,1626,1652,1665,1691,1602,1677
7/16/2020,1603,1604,1615,1645,1607,1635
7/17/2020,1667,1636,1696,1651,1619,1642
7/18/2020,1640,1610,1651,1632,1633,1631
7/19/2020,1664,1657,1604,1668,1608,1649
7/20/2020,1648,1666,1661,1614,1603,1612
7/21/2020,1674,1621,1610,1604,1619,1647
7/22/2020,1688,1672,1631,1650,1635,1611
7/23/2020,1614,1626,1695,1627,1621,1616
7/24/2020,1655,1679,1683,1643,1623,1640
7/25/2020,1699,1634,1681,1636,1641,1673
7/26/2020,1602,1613,1606,1619,1601,1687
7/27/2020,1697,1628,1685,1692,1609,1635
7/28/2020,1647,1647,1631,1695,1632,1633
7/29/2020,1656,1684,1675,1603,1612,1669
7/30/2020,1655,1643,1617,1611,1689,1671
7/31/2020,1642,1660,1618,1631,1663,1675
8/1/2020,1622,1650,1694,1656,1679,1660
8/2/2020,1621,1617,1698,1623,1602,1619
8/3/2020,1610,1663,1663,1652,1623,1692
8/4/2020,1639,1605,1635,1684,1628,1605
8/5/2020,1694,1647,1611,1610,1638,1648
8/6/2020,1673,1607,1629,1635,1625,1603
8/7/2020,1695,1608,1676,1615,1675,1697
8/8/2020,1638,1690,1665,1601,1608,1699
8/9/2020,1630,1689,1625,1623,1692,1683
8/10/2020,1611,1624,1680,1641,1623,1643
8/11/2020,1641,1694,1676,1691,1674,1614
8/12/2020,1640,1687,1679,1613,1653,1626
8/13/2020,1602,1652,1665,1697,1619,1656
8/14/2020,1610,1685,1652,1662,1698,1696
8/15/2020,1685,1639,1663,1644,1604,1680
8/16/2020,1655,1680,1655,1661,1692,1617
8/17/2020,1643,1607,1628,1691,1687,1653
8/18/2020,1624,1687,1613,1653,1630,1662
8/19/2020,1630,1652,1607,1626,1620,1658
8/20/2020,1634,1660,1672,1684,1664,1692
8/21/2020,1690,1631,1616,1612,1620,1686
8/22/2020,1688,1625,1657,1633,1657,1673
8/23/2020,1653,1608,1607,1694,1663,1697
8/24/2020,1648,1700,1676,1661,1685,1653
8/25/2020,1676,1690,1624,1636,1661,1673
8/26/2020,1673,1645,1627,1652,1680,1685
8/27/2020,1693,1694,1605,1625,1637,1601
8/28/2020,1689,1664,1667,1655,1663,1605
8/29/2020,1618,1661,1680,1643,1669,1680
8/30/2020,1620,1638,1631,1603,1672,1610
8/31/2020,1790,1759,1718,1752,1790,1779
9/1/2020,1756,1741,1785,1729,1737,1725
9/2/2020,1738,1701,1721,1762,1707,1782
9/3/2020,1770,1744,1727,1726,1705,1772
9/4/2020,1749,1778,1700,1707,1776,1719
9/5/2020,1787,1741,1783,1732,1707,1747
9/6/2020,1754,1750,1759,1793,1748,1792
9/7/2020,1706,1796,1796,1710,1783,1786
9/8/2020,1796,1792,1707,1735,1716,1701
9/9/2020,1737,1786,1797,1753,1745,1745
9/10/2020,1759,1791,1706,1735,1728,1706
9/11/2020,1716,1778,1794,1737,1708,1765
9/12/2020,1700,1701,1788,1797,1759,1787
9/13/2020,1783,1748,1770,1789,1758,1783
9/14/2020,1734,1703,1760,1741,1744,1723
9/15/2020,1712,1700,1772,1748,1776,1737
9/16/2020,1749,1767,1781,1741,1783,1703
9/17/2020,1721,1779,1749,1731,1710,1720
9/18/2020,1735,1755,1750,1700,1708,1736
9/19/2020,1708,1743,1774,1733,1703,1766
9/20/2020,1770,1700,1800,1770,1742,1781
9/21/2020,1794,1765,1778,1755,1718,1755
9/22/2020,1736,1783,1710,1776,1783,1703
9/23/2020,1741,1714,1793,1723,1786,1766
9/24/2020,1791,1720,1776,1736,1752,1701
9/25/2020,1719,1773,1725,1731,1766,1741
9/26/2020,1797,1782,1791,1760,1755,1740
9/27/2020,1717,1710,1734,1739,1723,1717
9/28/2020,1792,1777,1753,1793,1741,1741
9/29/2020,1704,1758,1704,1728,1701,1728
9/30/2020,1724,1778,1718,1739,1769,1718
10/1/2020,1870,1871,1855,1878,1871,1811
10/2/2020,1837,1826,1860,1872,1807,1844
10/3/2020,1896,1815,1810,1822,1800,1815
10/4/2020,1858,1822,1876,1837,1899,1899
10/5/2020,1873,1826,1884,1876,1835,1870
10/6/2020,1877,1900,1807,1813,1854,1807
10/7/2020,1883,1839,1900,1881,1847,1801
10/8/2020,1894,1817,1857,1837,1895,1817
10/9/2020,1838,1839,1869,1835,1898,1854
10/10/2020,1865,1879,1829,1834,1876,1824
10/11/2020,1830,1896,1857,1819,1801,1839
10/12/2020,1833,1891,1889,1846,1819,1801
10/13/2020,1822,1868,1815,1801,1814,1876
10/14/2020,1827,1874,1854,1884,1801,1873
10/15/2020,1868,1816,1821,1827,1882,1801
10/16/2020,1883,1897,1859,1809,1872,1882
10/17/2020,1840,1807,1805,1871,1833,1826
10/18/2020,1805,1845,1850,1846,1857,1818
10/19/2020,1843,1803,1852,1835,1857,1888
10/20/2020,1859,1827,1885,1880,1846,1836
10/21/2020,1839,1818,1825,1881,1813,1862
10/22/2020,1828,1856,1811,1814,1811,1806
10/23/2020,1896,1840,1827,1881,1888,1866
10/24/2020,1884,1893,1873,1846,1865,1835
10/25/2020,1822,1870,1873,1803,1812,1819
10/26/2020,1839,1837,1871,1860,1810,1822
10/27/2020,1838,1819,1879,1828,1827,1894
10/28/2020,1879,1833,1887,1829,1841,1900
10/29/2020,1857,1858,1819,1868,1821,1848
10/30/2020,1882,1891,1811,1880,1897,1831
10/31/2020,1836,1807,1824,1852,1876,1818
11/1/2020,1850,1844,1883,1879,1851,1865
11/2/2020,1818,1826,1858,1814,1845,1849
11/3/2020,1888,1843,1861,1842,1849,1826
11/4/2020,1892,1801,1899,1854,1880,1828
11/5/2020,1809,1855,1813,1807,1829,1857
11/6/2020,1826,1835,1844,1829,1872,1851
11/7/2020,1884,1807,1883,1802,1827,1876
11/8/2020,1801,1849,1882,1812,1801,1899
11/9/2020,1851,1851,1831,1876,1839,1844
11/10/2020,1859,1900,1845,1825,1869,1899
11/11/2020,1822,1864,1890,1882,1882,1900
11/12/2020,1803,1802,1824,1821,1873,1859
11/13/2020,1889,1867,1849,1869,1860,1819
11/14/2020,1853,1825,1894,1891,1848,1808
11/15/2020,1851,1812,1878,1851,1822,1801
11/16/2020,1844,1860,1842,1804,1868,1844
11/17/2020,1835,1859,1870,1852,1877,1891
11/18/2020,1821,1876,1820,1815,1835,1895
11/19/2020,1852,1844,1806,1811,1816,1809
11/20/2020,1806,1892,1845,1843,1805,1834
11/21/2020,1814,1814,1885,1879,1800,1897
11/22/2020,1824,1818,1866,1861,1867,1835
11/23/2020,1866,1889,1891,1813,1818,1807
11/24/2020,1895,1866,1813,1876,1837,1850
11/25/2020,1865,1801,1887,1850,1839,1842
11/26/2020,1838,1899,1878,1848,1830,1897
11/27/2020,1810,1813,1876,1835,1872,1836
11/28/2020,1848,1865,1852,1883,1850,1844
11/29/2020,1854,1857,1863,1828,1881,1853
11/30/2020,1852,1867,1802,1896,1824,1843
12/1/2020,1975,1954,1980,1914,1929,1955
12/2/2020,2000,1962,1958,1901,1963,1983
12/3/2020,1921,1959,1913,1985,1959,1971
12/4/2020,1955,1966,1995,1995,1938,1957
12/5/2020,1969,1941,1938,1992,1944,1986
12/6/2020,1941,1997,1944,1982,1988,1951
12/7/2020,1910,2000,1979,1907,1985,1961
12/8/2020,1988,1985,1902,1902,2000,1906
12/9/2020,1941,1936,1929,1951,1975,1938
12/10/2020,1901,1988,1910,1955,1937,1932
12/11/2020,1949,2000,1988,1982,1989,1943
12/12/2020,1978,1986,1904,1915,1947,1953
12/13/2020,1926,1999,1979,1905,1937,1983
12/14/2020,1931,1960,1966,1942,1952,1972
12/15/2020,1908,1908,1955,1909,1976,1986
12/16/2020,1918,1961,1966,1942,1952,1983
12/17/2020,1957,1935,1947,1945,1988,1994
12/18/2020,1983,1927,1966,1949,1931,1954
12/19/2020,1956,1909,1966,1976,1930,1971
12/20/2020,1970,1938,1974,1923,1989,1942
12/21/2020,1963,1982,1908,1973,1971,1911
12/22/2020,1914,1931,1923,1977,1904,1903
12/23/2020,1981,1927,1985,1939,1957,1959
12/24/2020,1986,1902,1976,1926,1965,1921
12/25/2020,1988,1977,1967,1901,2000,1932
12/26/2020,1951,1962,1968,1905,1993,1997
12/27/2020,1954,1930,1900,1943,1951,1998
12/28/2020,1919,1952,1982,1978,1966,1980
12/29/2020,1944,1940,1988,1919,1959,1900
12/30/2020,1964,1988,1947,1903,1946,1911
12/31/2020,1937,1904,1998,1932,1994,1919
1/1/2021,2037,2061,2050,2018,2066,2044
1/2/2021,2088,2059,2092,2038,2013,2007
1/3/2021,2002,2014,2002,2060,2061,2098
1/4/2021,2094,2093,2042,2074,2030,2011
1/5/2021,2030,2069,2025,2038,2068,2079
1/6/2021,2097,2065,2024,2082,2008,2045
1/7/2021,2044,2095,2090,2090,2096,2003
1/8/2021,2022,2049,2097,2090,2060,2037
1/9/2021,2056,2043,2042,2070,2017,2081
1/10/2021,2034,2029,2090,2043,2009,2007
1/11/2021,2047,2027,2032,2067,2026,2065
1/12/2021,2054,2008,2063,2063,2043,2046
1/13/2021,2061,2068,2026,2075,2065,2007
1/14/2021,2097,2071,2062,2000,2060,2026
1/15/2021,2018,2047,2059,2025,2025,2057
1/16/2021,2066,2065,2086,2065,2049,2029
1/17/2021,2071,2014,2064,2011,2004,2033
1/18/2021,2015,2034,2073,2036,2086,2086
1/19/2021,2020,2001,2081,2083,2090,2027
1/20/2021,2000,2037,2019,2029,2023,2035
1/21/2021,2063,2004,2030,2039,2063,2075
1/22/2021,2053,2030,2069,2028,2007,2077
1/23/2021,2043,2047,2098,2044,2028,2070
1/24/2021,2012,2092,2006,2052,2067,2015
1/25/2021,2100,2088,2024,2048,2091,2070
1/26/2021,2037,2045,2065,2051,2043,2078
1/27/2021,2027,2027,2006,2009,2003,2020
1/28/2021,2021,2052,2021,2041,2033,2068
1/29/2021,2025,2000,2087,2082,2007,2072
1/30/2021,2093,2067,2094,2065,2042,2095
1/31/2021,2040,2028,2055,2054,2073,2027
2/1/2021,2148,2125,2192,2163,2182,2157
2/2/2021,2148,2155,2176,2122,2103,2135
2/3/2021,2117,2125,2142,2116,2145,2178
2/4/2021,2142,2165,2132,2142,2141,2136
2/5/2021,2105,2110,2177,2108,2133,2197
2/6/2021,2127,2150,2113,2107,2156,2179
2/7/2021,2182,2112,2181,2136,2152,2195
2/8/2021,2195,2117,2172,2143,2191,2108
2/9/2021,2149,2134,2150,2179,2107,2171
2/10/2021,2124,2137,2146,2103,2156,2189
2/11/2021,2182,2138,2133,2137,2135,2194
2/12/2021,2125,2122,2107,2137,2135,2154
2/13/2021,2136,2148,2177,2117,2100,2121
2/14/2021,2106,2153,2127,2162,2182,2167
2/15/2021,2111,2162,2143,2192,2187,2115
2/16/2021,2100,2123,2104,2187,2116,2100
2/17/2021,2192,2156,2159,2101,2169,2136
2/18/2021,2147,2196,2104,2112,2170,2101
2/19/2021,2150,2139,2155,2185,2148,2130
2/20/2021,2171,2156,2141,2127,2142,2139
2/21/2021,2138,2145,2188,2152,2100,2110
2/22/2021,2179,2141,2142,2167,2117,2191
2/23/2021,2123,2107,2195,2111,2136,2131
2/24/2021,2126,2166,2162,2107,2168,2192
2/25/2021,2126,2185,2140,2139,2155,2121
2/26/2021,2177,2115,2135,2188,2158,2119
2/27/2021,2124,2154,2168,2120,2154,2163
2/28/2021,2124,2121,2102,2121,2155,2166
3/1/2021,2283,2268,2240,2224,2252,2247
3/2/2021,2232,2243,2252,2205,2278,2259
3/3/2021,2223,2252,2202,2223,2286,2212
3/4/2021,2278,2265,2214,2229,2270,2209
3/5/2021,2273,2291,2222,2260,2271,2207
3/6/2021,2227,2270,2231,2265,2213,2281
3/7/2021,2253,2233,2231,2264,2279,2273
3/8/2021,2229,2216,2277,2217,2266,2279
3/9/2021,2241,2300,2204,2234,2241,2255
3/10/2021,2271,2209,2201,2215,2210,2289
3/11/2021,2255,2264,2250,2221,2232,2275
3/12/2021,2295,2293,2245,2231,2293,2216
3/13/2021,2223,2248,2284,2291,2270,2201
3/14/2021,2207,2216,2300,2208,2297,2246
3/15/2021,2229,2219,2233,2292,2209,2258
3/16/2021,2262,2280,2283,2270,2286,2230
3/17/2021,2211,2252,2229,2253,2242,2234
3/18/2021,2247,2277,2278,2238,2208,2244
3/19/2021,2257,2219,2271,2262,2264,2214
3/20/2021,2277,2238,2296,2242,2273,2207
3/21/2021,2205,2237,2216,2258,2236,2254
3/22/2021,2252,2232,2273,2293,2248,2286
3/23/2021,2212,2264,2245,2268,2240,2223
3/24/2021,2237,2203,2216,2295,2248,2213
3/25/2021,2290,2261,2284,2257,2258,2255
3/26/2021,2201,2271,2292,2239,2270,2297
3/27/2021,2240,2267,2250,2213,2232,2240
3/28/2021,2274,2269,2272,2271,2225,2289
3/29/2021,2246,2272,2281,2247,2292,2263
3/30/2021,2252,2298,2200,2207,2257,2295
3/31/2021,2278,2202,2288,2285,2221,2285
4/1/2021,2262,2207,2269,2275,2253,2271
4/2/2021,2222,2292,2226,2249,2275,2262
4/3/2021,2288,2248,2266,2232,2214,2252
4/4/2021,2241,2219,2241,2232,2228,2290
4/5/2021,2231,2267,2287,2288,2200,2284
4/6/2021,2287,2272,2242,2254,2274,2239
4/7/2021,2273,2280,2284,2272,2220,2207
4/8/2021,2274,2283,2285,2271,2262,2296
4/9/2021,2232,2229,2202,2214,2286,2201
4/10/2021,2244,2272,2231,2236,2271,2273
4/11/2021,2209,2240,2250,2200,2295,2279
4/12/2021,2287,2287,2237,2216,2280,2218
4/13/2021,2272,2209,2239,2223,2206,2287
4/14/2021,2266,2253,2230,2232,2253,2249
4/15/2021,2286,2220,2237,2229,2284,2216
4/16/2021,2275,2296,2278,2261,2217,2235
4/17/2021,2295,2285,2227,2223,2282,2298
4/18/2021,2283,2211,2274,2250,2218,2215
4/19/2021,2205,2279,2229,2257,2243,2213
4/20/2021,2284,2225,2257,2235,2218,2220
4/21/2021,2249,2209,2200,2219,2276,2271
4/22/2021,2288,2263,2256,2205,2291,2270
4/23/2021,2275,2227,2247,2207,2275,2288
4/24/2021,2264,2221,2271,2245,2258,2271
4/25/2021,2274,2235,2252,2210,2289,2224
4/26/2021,2269,2222,2223,2267,2228,2265
4/27/2021,2273,2299,2293,2252,2225,2244
4/28/2021,2206,2262,2285,2224,2290,2263
4/29/2021,2278,2253,2261,2278,2227,2285
4/30/2021,2203,2219,2255,2271,2283,2258
5/1/2021,2324,2311,2341,2349,2336,2342
5/2/2021,2395,2372,2400,2370,2325,2397
5/3/2021,2369,2393,2360,2361,2333,2328
5/4/2021,2376,2304,2366,2330,2370,2348
5/5/2021,2345,2351,2349,2389,2338,2381
5/6/2021,2304,2346,2397,2324,2328,2332
5/7/2021,2383,2300,2332,2353,2369,2350
5/8/2021,2345,2368,2335,2359,2393,2331
5/9/2021,2386,2391,2391,2333,2338,2379
5/10/2021,2319,2384,2366,2398,2369,2312
5/11/2021,2398,2317,2309,2379,2390,2343
5/12/2021,2355,2302,2330,2352,2385,2329
5/13/2021,2306,2366,2317,2391,2374,2335
5/14/2021,2319,2327,2326,2373,2352,2308
5/15/2021,2362,2309,2301,2349,2308,2319
5/16/2021,2368,2303,2376,2383,2369,2386
5/17/2021,2378,2317,2310,2387,2354,2373
5/18/2021,2300,2342,2378,2305,2324,2332
5/19/2021,2335,2334,2329,2388,2342,2376
5/20/2021,2347,2347,2356,2322,2340,2380
5/21/2021,2397,2316,2368,2396,2308,2321
5/22/2021,2335,2353,2361,2301,2331,2343
5/23/2021,2342,2302,2355,2321,2395,2305
5/24/2021,2372,2336,2349,2339,2343,2351
5/25/2021,2392,2345,2305,2342,2320,2379
5/26/2021,2357,2371,2340,2356,2301,2318
5/27/2021,2327,2301,2388,2323,2385,2339
5/28/2021,2350,2335,2363,2302,2308,2347
5/29/2021,2358,2328,2302,2323,2375,2345
5/30/2021,2318,2332,2355,2360,2342,2308
5/31/2021,2373,2307,2386,2368,2396,2341
6/1/2021,2345,2364,2391,2397,2369,2305
6/2/2021,2327,2370,2382,2343,2342,2354
6/3/2021,2355,2392,2383,2335,2397,2335
6/4/2021,2318,2329,2377,2302,2372,2377
6/5/2021,2330,2346,2300,2381,2356,2376
6/6/2021,2328,2383,2311,2375,2339,2380
6/7/2021,2351,2384,2348,2339,2354,2395
6/8/2021,2395,2318,2336,2351,2346,2368
6/9/2021,2309,2354,2354,2393,2309,2337
6/10/2021,2393,2302,2377,2393,2362,2373
6/11/2021,2376,2334,2373,2375,2393,2315
6/12/2021,2363,2372,2380,2329,2304,2344
6/13/2021,2333,2321,2341,2323,2324,2328
6/14/2021,2367,2360,2349,2320,2346,2309
6/15/2021,2323,2341,2339,2379,2368,2323
6/16/2021,2377,2366,2314,2339,2385,2384
6/17/2021,2326,2376,2324,2392,2374,2376
6/18/2021,2302,2386,2360,2351,2309,2316
6/19/2021,2319,2357,2332,2317,2327,2305
6/20/2021,2394,2307,2359,2371,2330,2376
6/21/2021,2308,2370,2371,2397,2304,2340
6/22/2021,2351,2305,2353,2400,2352,2338
6/23/2021,2309,2324,2387,2302,2391,2379
6/24/2021,2373,2376,2382,2365,2368,2373
6/25/2021,2351,2351,2362,2351,2342,2333
6/26/2021,2312,2320,2356,2300,2320,2370
6/27/2021,2313,2343,2374,2393,2391,2384
6/28/2021,2370,2373,2393,2336,2380,2311
6/29/2021,2378,2376,2355,2360,2359,2397
6/30/2021,2357,2337,2395,2339,2395,2400
7/1/2021,2500,2432,2456,2403,2473,2447
7/2/2021,2488,2435,2425,2422,2434,2495
7/3/2021,2485,2430,2421,2438,2478,2412
7/4/2021,2429,2488,2440,2449,2469,2486
7/5/2021,2434,2487,2420,2433,2424,2420
7/6/2021,2444,2480,2430,2472,2408,2407
7/7/2021,2486,2409,2402,2409,2493,2469
7/8/2021,2427,2403,2412,2456,2426,2433
7/9/2021,2477,2449,2471,2464,2455,2441
7/10/2021,2401,2428,2400,2400,2475,2458
7/11/2021,2491,2428,2500,2455,2498,2477
7/12/2021,2410,2486,2435,2410,2433,2493
7/13/2021,2475,2423,2452,2409,2441,2437
7/14/2021,2415,2433,2416,2451,2498,2492
7/15/2021,2470,2404,2405,2451,2475,2433
7/16/2021,2427,2477,2494,2498,2426,2428
7/17/2021,2402,2491,2435,2407,2430,2477
7/18/2021,2484,2463,2433,2480,2408,2495
7/19/2021,2451,2483,2438,2429,2495,2400
7/20/2021,2436,2424,2454,2493,2490,2449
7/21/2021,2468,2412,2468,2469,2438,2449
7/22/2021,2478,2425,2460,2489,2449,2435
7/23/2021,2419,2403,2470,2442,2432,2476
7/24/2021,2450,2478,2495,2406,2417,2499
7/25/2021,2438,2428,2453,2432,2416,2437
7/26/2021,2492,2401,2496,2474,2459,2449
7/27/2021,2462,2417,2413,2448,2419,2436
7/28/2021,2473,2415,2478,2428,2407,2485
7/29/2021,2416,2410,2436,2469,2484,2466
7/30/2021,2445,2433,2467,2494,2451,2464
7/31/2021,2438,2410,2402,2480,2426,2466
8/1/2021,2432,2493,2428,2413,2466,2479
8/2/2021,2442,2414,2497,2489,2440,2433
8/3/2021,2493,2404,2463,2456,2439,2445
8/4/2021,2469,2424,2426,2414,2464,2493
8/5/2021,2481,2419,2433,2404,2407,2495
8/6/2021,2455,2419,2405,2422,2408,2494
8/7/2021,2473,2408,2454,2446,2479,2472
8/8/2021,2464,2499,2469,2471,2475,2476
8/9/2021,2404,2403,2486,2417,2403,2449
8/10/2021,2413,2411,2497,2427,2423,2458
8/11/2021,2436,2472,2481,2475,2472,2426
8/12/2021,2441,2493,2429,2436,2476,2406
8/13/2021,2495,2437,2479,2402,2427,2407
8/14/2021,2478,2457,2488,2439,2414,2472
8/15/2021,2407,2425,2433,2470,2482,2425
8/16/2021,2411,2442,2497,2403,2499,2436
8/17/2021,2434,2488,2488,2471,2472,2405
8/18/2021,2458,2441,2414,2464,2427,2426
8/19/2021,2407,2491,2423,2464,2447,2442
8/20/2021,2439,2439,2430,2489,2442,2436
8/21/2021,2491,2454,2457,2421,2500,2410
8/22/2021,2494,2473,2402,2448,2401,2417
8/23/2021,2415,2437,2499,2439,2436,2406
8/24/2021,2420,2468,2473,2426,2493,2432
8/25/2021,2429,2421,2408,2448,2400,2444
8/26/2021,2487,2428,2400,2415,2448,2419
8/27/2021,2460,2424,2459,2479,2422,2425
8/28/2021,2477,2479,2444,2482,2423,2500
8/29/2021,2490,2424,2485,2431,2467,2474
8/30/2021,2450,2430,2435,2479,2408,2415
8/31/2021,2490,2476,2481,2462,2487,2428
9/1/2021,2556,2554,2504,2584,2565,2505
9/2/2021,2593,2530,2574,2513,2528,2568
9/3/2021,2549,2557,2569,2521,2529,2529
9/4/2021,2557,2516,2543,2519,2545,2598
9/5/2021,2514,2573,2511,2538,2564,2548
9/6/2021,2583,2543,2579,2569,2558,2519
9/7/2021,2539,2511,2560,2545,2501,2503
9/8/2021,2504,2585,2559,2521,2523,2584
9/9/2021,2545,2553,2571,2537,2597,2538
9/10/2021,2577,2532,2554,2568,2512,2544
9/11/2021,2578,2598,2568,2567,2557,2583
9/12/2021,2506,2580,2591,2573,2525,2524
9/13/2021,2594,2566,2582,2586,2547,2529
9/14/2021,2522,2526,2516,2540,2564,2563
9/15/2021,2510,2529,2543,2532,2507,2510
9/16/2021,2525,2553,2548,2532,2589,2520
9/17/2021,2517,2563,2576,2508,2560,2578
9/18/2021,2572,2577,2568,2523,2533,2531
9/19/2021,2578,2575,2570,2538,2591,2588
9/20/2021,2516,2586,2580,2586,2504,2507
9/21/2021,2517,2584,2552,2520,2558,2520
9/22/2021,2531,2535,2569,2506,2572,2574
9/23/2021,2517,2598,2578,2511,2577,2580
9/24/2021,2596,2574,2587,2523,2537,2564
9/25/2021,2552,2550,2563,2523,2581,2600
9/26/2021,2502,2576,2518,2570,2576,2528
9/27/2021,2500,2562,2518,2572,2560,2519
9/28/2021,2514,2533,2557,2556,2524,2553
9/29/2021,2584,2505,2588,2549,2517,2598
9/30/2021,2502,2509,2515,2544,2564,2589
10/1/2021,2567,2566,2524,2582,2599,2572
10/2/2021,2503,2574,2571,2552,2540,2583
10/3/2021,2532,2514,2590,2545,2567,2560
10/4/2021,2595,2531,2564,2589,2577,2599
10/5/2021,2515,2503,2535,2579,2540,2507
10/6/2021,2511,2542,2584,2590,2528,2579
10/7/2021,2571,2506,2600,2515,2565,2574
10/8/2021,2549,2596,2575,2596,2590,2538
10/9/2021,2581,2570,2564,2508,2548,2594
10/10/2021,2562,2591,2574,2593,2544,2546
10/11/2021,2522,2530,2516,2522,2532,2592
10/12/2021,2583,2576,2571,2509,2576,2518
10/13/2021,2548,2541,2517,2564,2566,2539
10/14/2021,2587,2537,2501,2582,2572,2590
10/15/2021,2544,2595,2592,2594,2541,2556
10/16/2021,2543,2539,2524,2525,2564,2504
10/17/2021,2540,2539,2514,2586,2506,2547
10/18/2021,2593,2545,2545,2539,2588,2600
10/19/2021,2542,2549,2532,2551,2530,2540
10/20/2021,2589,2537,2564,2521,2518,2517
10/21/2021,2565,2540,2545,2597,2547,2572
10/22/2021,2576,2542,2555,2521,2572,2573
10/23/2021,2521,2561,2573,2556,2521,2552
10/24/2021,2572,2500,2545,2553,2541,2503
10/25/2021,2528,2542,2519,2573,2592,2534
10/26/2021,2568,2510,2525,2563,2564,2523
10/27/2021,2530,2566,2505,2594,2561,2590
10/28/2021,2509,2500,2583,2551,2579,2521
10/29/2021,2502,2526,2575,2567,2513,2564
10/30/2021,2551,2565,2584,2534,2506,2596
10/31/2021,2566,2508,2512,2534,2556,2558
11/1/2021,2676,2665,2617,2610,2615,2606
11/2/2021,2612,2661,2636,2665,2628,2607
11/3/2021,2681,2660,2611,2619,2663,2672
11/4/2021,2626,2629,2647,2608,2697,2631
11/5/2021,2619,2656,2653,2619,2607,2642
11/6/2021,2668,2630,2647,2693,2671,2620
11/7/2021,2697,2694,2607,2697,2688,2652
11/8/2021,2649,2624,2664,2610,2638,2645
11/9/2021,2668,2663,2639,2601,2691,2683
11/10/2021,2650,2640,2618,2681,2629,2696
11/11/2021,2604,2660,2700,2629,2643,2650
11/12/2021,2655,2672,2628,2666,2681,2639
11/13/2021,2652,2635,2667,2638,2682,2600
11/14/2021,2602,2676,2696,2618,2680,2699
11/15/2021,2669,2690,2635,2699,2650,2614
11/16/2021,2674,2632,2655,2641,2653,2640
11/17/2021,2651,2648,2636,2642,2676,2690
11/18/2021,2632,2634,2660,2644,2655,2618
11/19/2021,2614,2687,2675,2641,2648,2634
11/20/2021,2611,2636,2673,2682,2683,2665
11/21/2021,2600,2638,2665,2630,2687,2688
11/22/2021,2606,2685,2689,2629,2694,2600
11/23/2021,2684,2629,2663,2649,2665,2656
11/24/2021,2667,2677,2664,2633,2601,2602
11/25/2021,2654,2676,2647,2650,2600,2612
11/26/2021,2641,2694,2666,2647,2655,2635
11/27/2021,2639,2646,2605,2667,2678,2641
11/28/2021,2648,2674,2622,2699,2695,2613
11/29/2021,2609,2662,2612,2602,2622,2688
11/30/2021,2663,2675,2692,2679,2650,2679
12/1/2021,2781,2700,2798,2785,2726,2763
12/2/2021,2735,2725,2775,2794,2799,2763
12/3/2021,2722,2744,2710,2784,2795,2718
12/4/2021,2775,2782,2710,2706,2705,2707
12/5/2021,2711,2730,2733,2774,2702,2709
12/6/2021,2702,2771,2733,2702,2752,2758
12/7/2021,2793,2716,2703,2752,2756,2799
12/8/2021,2789,2746,2760,2770,2704,2788
12/9/2021,2768,2707,2748,2762,2705,2723
12/10/2021,2733,2701,2716,2734,2733,2713
12/11/2021,2754,2712,2715,2719,2740,2707
12/12/2021,2759,2778,2745,2771,2778,2775
12/13/2021,2732,2785,2743,2796,2764,2743
12/14/2021,2760,2757,2750,2786,2737,2757
12/15/2021,2753,2776,2793,2754,2732,2723
12/16/2021,2742,2719,2777,2767,2749,2709
12/17/2021,2757,2706,2781,2762,2710,2700
12/18/2021,2705,2706,2715,2785,2797,2794
12/19/2021,2709,2785,2799,2779,2729,2775
12/20/2021,2798,2747,2789,2729,2723,2706
12/21/2021,2799,2742,2776,2769,2760,2779
12/22/2021,2716,2710,2764,2746,2727,2763
12/23/2021,2744,2732,2706,2771,2719,2757
12/24/2021,2792,2773,2733,2726,2725,2781
12/25/2021,2768,2753,2780,2795,2738,2737
12/26/2021,2735,2754,2705,2717,2780,2713
12/27/2021,2713,2712,2775,2721,2724,2790
12/28/2021,2723,2712,2703,2782,2791,2736
12/29/2021,2782,2799,2755,2728,2795,2729
12/30/2021,2770,2780,2728,2719,2775,2756
12/31/2021,2713,2774,2770,2757,2705,2729
